id;name;note;start_date;end_date
1;Bedfordshire Shirt Dynamic;California Sleek;2020-12-06T00:21:32;2020-12-05T14:25:48
2;yellow;Sports;2020-12-05T09:35:12;2020-12-05T15:02:10
3;Money Market Account Customer;Beauty Rest;2020-12-05T23:11:56;2020-12-05T04:52:37
4;Representative Checking Account;navigate;2020-12-05T21:38:13;2020-12-05T19:50:33
5;grow directional transmit;deposit Money Market Account Unbranded Granite Car;2020-12-05T15:50:44;2020-12-05T10:13:59
6;virtual Avon Wooden;Court 1080p;2020-12-05T04:56:47;2020-12-06T00:13:06
7;Digitized Michigan;Fresh;2020-12-05T16:30:10;2020-12-05T04:29:01
8;Concrete;Outdoors;2020-12-05T07:48:40;2020-12-05T21:42:17
9;driver CFA Franc BEAC;Savings Account;2020-12-05T14:13:49;2020-12-05T16:06:49
10;Credit Card Account Leone;Forge;2020-12-05T23:37:21;2020-12-06T01:10:50
