id;stt;title;comment
1;80138;magnetic driver Knolls;../fake-data/blob/hipster.txt
2;33031;Rhode Island back-end virtual;../fake-data/blob/hipster.txt
3;66224;Station;../fake-data/blob/hipster.txt
4;98133;Auto Loan Account green 1080p;../fake-data/blob/hipster.txt
5;32697;backing up Soap transmitter;../fake-data/blob/hipster.txt
6;46828;Global intangible;../fake-data/blob/hipster.txt
7;49512;Distributed Center Dobra;../fake-data/blob/hipster.txt
8;86724;Garden embrace;../fake-data/blob/hipster.txt
9;4112;matrix Industrial Small Plastic Salad;../fake-data/blob/hipster.txt
10;83839;synergies Frozen Buckinghamshire;../fake-data/blob/hipster.txt
