id;mscv;name
1;Chicken Rustic back ;Buckinghamshire 6th generation Frozen
2;cyan Marketing;innovative compressing
3;Music viral bus;Investment Account
4;online withdrawal Un;Checking Account Kentucky Overpass
5;portX;COM Auto Loan Account Armenian Dram
6;installation whitebo;bandwidth-monitored Producer target
7;transmitting Dynamic;auxiliary Alaska
8;Liaison Buckinghamsh;out-of-the-box client-driven Tanzanian Shilling
9;benchmark Delaware;generate models Antarctica (the territory South of 60 deg S)
10;Delaware;lime Assistant Micronesia
